1,2,3,4,5,6,7,8,9,10,11,12,13,14,15
a,aa,aba,able,about,abroad,ability,absolute,Different,Alchemized,undemanding,grandparents,revolutionary,discrimination,anticoagulation
i,ab,abs,acid,above,accept,absence,abstract,Important,Amberjacks,information,alliteration,syllabication,photosynthesis,procrastination
o,ad,ace,aged,abuse,access,academy,academic,Following,Apoenzymes,preposition,unidentified,entertainment,Constantinople,personification
,ae,act,also,actor,across,account,accepted,Political,Applejacks,abomination,intermittent,righteousness,saponification,characteristics
,ag,add,area,acute,acting,accused,accident,Therefore,Appreciate,personality,Pennsylvania,constellation,transformation,desertification
,ah,ado,army,admit,action,achieve,accuracy,Something,Aquaphobes,subtraction,exacerbation,communication,multiplication,pulchritudinous
,ai,aft,away,adopt,active,acquire,accurate,Education,Aquaphobia,quadrillion,independence,weightlifting,capitalization,abdominovesical
,al,age,baby,adult,actual,address,achieved,Necessary,Aquaphobic,syllabicate,commensalism,concentration,transportation,congratulations
,am,ago,back,after,advice,advance,acquired,Knowledge,Asexualize,alternative,intelligence,mummification,trichomoniasis,Rumpelstiltskin
,an,aha,ball,again,advise,adverse,activity,According,Autoxidize,celebration,relationship,deforestation,responsibility,influentialness
,ar,aid,band,agent,affect,advised,actually,Sometimes,Axiomatize,cleanliness,thanksgiving,appropriation,disappointment,thermochemistry
,as,aim,bank,agree,afford,adviser,addition,Community,Azobenzene,anniversary,professional,globalization,conjunctivitis,alphabetisation
,at,air,base,ahead,afraid,against,adequate,Including,Backchecks,forgiveness,organization,extraordinary,representative,methamphetamine
,aw,ala,bath,alarm,agency,airline,adjacent,Structure,Backpacked,belligerent,sporadically,consciousness,expressionless,interdependence
,ax,ale,bear,album,agenda,airport,adjusted,Available,Backpacker,imagination,intimidating,lackadaisical,representation,Acanthisittidae
,ay,all,beat,alert,almost,alcohol,advanced,Treatment,Balkanized,serendipity,abolitionist,factorisation,capitalisation,accomplishments
,ba,alt,been,alike,always,alleged,advisory,Character,Bamboozled,segregation,onomatopoeia,insignificant,disambiguation,unprepossessing
,be,amp,beer,alive,amount,already,advocate,President,Bedazzling,inspiration,appreciation,contemplating,chemosynthesis,acknowledgeable
,bi,ana,bell,allow,animal,analyst,affected,Countries,Bedjackets,marshmallow,annunciation,acetylcholine,gentrification,Americanization
,bo,and,belt,alone,annual,ancient,aircraft,Generally,Bhikkhunis,electricity,malnutrition,plasmodesmata,groundbreaking,acknowledgement
,by,ant,best,along,answer,another,alliance,Influence,Blackbucks,caterpillar,architecture,administrator,defenestration,prognostication
,da,any,bill,alter,anyone,anxiety,although,Situation,Blackcocks,abiogenesis,biodiversity,quadrilateral,administration,antepenultimate
,de,ape,bird,among,anyway,anxious,aluminum,Described,Blackjacks,intelligent,acceleration,antihistamine,interpretation,acclimatization
,do,app,blow,anger,appeal,anybody,analysis,Difficult,Blitzkrieg,Shakespeare,interdiction,strangulation,accountability,maneuverability
,ed,apt,blue,Angle,appear,applied,announce,Attention,Blizzarded,environment,trigonometry,determination,paleontologist,rationalisation
,ef,arc,boat,angry,around,arrange,anything,Continued,Blizzardly,destination,communicator,pontification,identification,bioluminescence
,eh,are,body,apart,arrive,arrival,anywhere,Increased,Bodychecks,Christopher,bodybuilding,collaboration,understandable,atherosclerosis
,el,ark,bomb,apple,artist,article,apparent,Questions,Bolshevize,advertising,perspiration,afforestation,schweinsteiger,syllabification
,em,arm,bond,apply,aspect,assault,appendix,Committee,Buckjumped,excoriation,appertaining,unconditional,specialization,mischievousness
,en,art,bone,arena,assess,assumed,approach,Developed,Buckjumper,unstoppable,resurrection,skateboarding,benzodiazepine,parthenogenesis
,er,ash,book,argue,assist,assured,approval,Religious,Bumfreezer,appreciated,constipation,enlightenment,classification,acclimatisation
,es,ask,boom,arise,assume,attempt,argument,Authority,Bumfuzzled,quintillion,civilization,confederation,accomplishment,discombobulated
,et,asp,born,array,attack,attract,artistic,Condition,Bumfuzzles,invigilator,velociraptor,ratiocination,generalization,trustworthiness
,ex,ass,boss,aside,attend,auction,assembly,Beginning,Buzzworthy,exterminate,retrocession,embarrassment,teleprocessing,carnivorousness
,fa,ate,both,asset,august,average,assuming,Relations,Carboxylic,photography,expectations,indefatigable,hyperlipidemia,Armadillidiidae
,fe,ave,bowl,audio,author,backing,athletic,Published,Carjacking,responsible,ambidextrous,foregrounding,neutralization,misapprehension
,gi,awe,bulk,audit,avenue,balance,attached,Christian,Catechizer,collocation,cytoskeleton,schizophrenia,ridiculousness,costochondritis
,go,axe,burn,avoid,backed,banking,attitude,Direction,Catechizes,accessories,hippopotamus,globalisation,archaebacteria,nationalisation
,ha,aye,bush,award,barely,barrier,attorney,Operation,Chabazites,complicated,interjection,mathematician,abdominoplasty,insubordination
,he,BAA,busy,aware,battle,battery,audience,Effective,Chaptalize,agriculture,exasperation,flabbergasted,infrastructure,kindheartedness
,hi,bad,call,badly,beauty,bearing,autonomy,Resources,Checkboxes,perambulate,felicitation,factorization,autosuggestion,connoisseurship
,hm,bag,calm,baker,became,beating,aviation,Certainly,Checkmarks,demarcation,abbreviation,International,communications,excommunication
,ho,ban,came,bases,become,because,bachelor,Principle,Chequebook,barbiturate,voluminosity,consternation,antidepressant,miniaturization
,id,bar,camp,basic,before,bedroom,bacteria,Materials,Chernozems,rebarbative,rambunctious,accommodating,counterculture,procrastinating
,if,bat,card,basis,behalf,believe,baseball,Potential,Chickenpox,certificate,colonization,sportsmanship,initialisation,roentgenization
,in,bay,care,beach,behind,beneath,bathroom,Presented,Chiffchaff,worldliness,interception,encouragement,procrastinator,medicamentation
,is,bed,case,began,belief,benefit,becoming,Statement,Chimpanzee,colonoscopy,championship,reincarnation,chromatography,confidentiality
,it,bee,cash,begin,belong,besides,benjamin,Financial,Chinquapin,androgynous,acquaintance,mitochondrion,administrative,internalization
,jo,beg,cast,begun,berlin,between,birthday,Existence,Chromizing,ablactation,depreciation,scarification,characteristic,achondroplastic
,ka,bel,cell,being,better,billion,boundary,Reference,Chymifying,nothingness,consequences,reforestation,abstemiousness,misappreciation
,ki,ben,chat,below,beyond,binding,breaking,Interests,Cinchonize,,,,,
,la,bet,chip,bench,bishop,brother,breeding,Mentioned,Circumflex,,,,,
,li,bid,city,billy,border,brought,building,Concerned,Cognizably,,,,,
,lo,big,club,birth,bottle,burning,bulletin,Agreement,Colloquize,,,,,
,ma,bin,coal,black,bottom,cabinet,business,Processes,Communized,,,,,
,me,bio,coat,blame,bought,caliber,calendar,Functions,Complexify,,,,,
,mi,bis,code,blind,branch,calling,campaign,Discussed,Complexity,,,,,
,mm,bit,cold,block,breath,capable,capacity,September,Crackajack,,,,,
,mo,biz,come,blood,bridge,capital,casualty,Essential,Crazyweeds,,,,,
,mu,bob,cook,board,bright,captain,catching,Otherwise,Cyclohexyl,,,,,
,my,bog,cool,boost,broken,caption,category,Determine,Dazzlement,,,,,
,na,boo,cope,booth,budget,capture,Catholic,Companies,Dazzlingly,,,,,
,ne,bow,copy,bound,burden,careful,cautious,Suggested,Deoxidized,,,,,
,no,box,CORE,brain,bureau,carrier,cellular,Expressed,Deoxidizer,,,,,
,nu,boy,cost,brand,button,caution,ceremony,Principal,Deoxidizes,,,,,
,od,bra,crew,bread,camera,ceiling,chairman,Practical,Diazotized,,,,,
,oe,bud,crop,break,cancer,central,champion,Beautiful,Diazotizes,,,,,
,of,Bug,dark,breed,cannot,centric,chemical,Formation,Dizzyingly,,,,,
,oh,bum,data,brief,carbon,century,children,Procedure,Doxography,,,,,
,oi,bun,date,bring,career,certain,circular,Secretary,Effeminize,,,,,
,ok,bus,dawn,broad,castle,chamber,civilian,Equipment,Embezzlers,,,,,
,om,but,days,broke,casual,channel,clearing,Advantage,Embezzling,,,,,
,on,buy,dead,brown,caught,chapter,clinical,Technical,Empathized,,,,,
,op,bye,deal,build,center,charity,clothing,Spiritual,Emphasized,,,,,
,or,cab,dean,built,centre,charlie,collapse,Standards,Enzymology,,,,,
,os,cad,dear,buyer,chance,charter,colonial,Professor,Epoxidized,,,,,
,ow,cam,debt,cable,change,checked,colorful,Tradition,Epoxidizes,,,,,
,ox,can,deep,calif,charge,chicken,commence,Frequency,Equalizers,,,,,
,oy,cap,deny,carry,choice,chronic,commerce,Institute,Equalizing,,,,,
,pa,car,desk,catch,choose,circuit,complain,Decisions,Equivoques,,,,,
,pe,cat,dial,cause,chosen,classes,complete,Performed,Euphemized,,,,,
,pi,chi,dick,chain,church,classic,composed,Indicated,Everything,,,,,
,po,cob,diet,chair,circle,climate,compound,Represent,Exahertzes,,,,,
,qi,cod,disc,chart,client,closing,comprise,Explained,Exchequers,,,,,
,re,col,disk,chase,closed,closure,computer,Immediate,Exorcizing,,,,,
,sh,con,does,cheap,closer,clothes,conclude,Connected,Exoticized,,,,,
,si,coo,done,check,coffee,collect,concrete,Secondary,Exoticizes,,,,,
,so,cop,door,chest,column,college,conflict,Americans,Expertized,,,,,
,ta,cor,dose,chief,combat,combine,confused,Insurance,Fetichized,,,,,
,te,cos,down,child,coming,comfort,congress,Carefully,Fetichizes,,,,,
,ti,cot,draw,china,common,command,consider,Selection,Friendship,,,,,
,to,cow,drew,chose,comply,comment,constant,Employees,Frizzliest,,,,,
,uh,cox,drop,civil,copper,compact,consumer,Cambridge,Gadzookery,,,,,
,um,coy,drug,claim,corner,company,continue,Appointed,Grizzliest,,,,,
,un,cry,dual,class,costly,compare,contract,Contained,Hokeypokey,,,,,
,up,cub,duke,clean,county,compete,contrary,Increases,Holoenzyme,,,,,
,us,cue,dust,clear,couple,complex,contrast,Supported,Homozygote,,,,,
,ut,cum,duty,click,course,concept,convince,Movements,Homozygous,,,,,
,we,cup,each,clock,covers,concern,corridor,Establish,Hybridized,,,,,
,wo,cut,earn,close,create,concert,coverage,Extremely,Hybridizer,,,,,
,xi,dab,ease,coach,credit,conduct,covering,,Hybridizes,,,,,
,xu,dad,east,coast,crisis,confirm,creation,,Hydrazides,,,,,
,ya,dal,easy,could,custom,connect,creative,,Hydroxylic,,,,,
,ye,dam,edge,count,damage,consent,criminal,,Hyphenized,,,,,
,yo,dan,else,court,danger,consist,critical,,Hyphenizes,,,,,
,ew,day,even,cover,dealer,contact,crossing,,Hypnotized,,,,,
,za,Dee,ever,craft,debate,contain,cultural,,Hypnotizer,,,,,
,,def,evil,crash,decade,content,currency,,Hypnotizes,,,,,
,,del,exit,cream,decide,contest,customer,,Hypoxaemia,,,,,
,,den,face,crime,defeat,context,database,,Hypoxemias,,,,,
,,dew,fact,cross,defend,control,daughter,,Intermezzi,,,,,
,,did,fail,crowd,define,convert,daylight,,Intermezzo,,,,,
,,die,fair,crown,degree,correct,deadline,,Jabberwock,,,,,
,,dig,fall,curve,demand,council,deciding,,Jackhammer,,,,,
,,dim,farm,cycle,depend,counsel,decision,,Jacklights,,,,,
,,din,fast,daily,deputy,counter,decrease,,Jackrabbit,,,,,
,,dip,fate,dance,desert,country,deferred,,Jackscrews,,,,,
,,dis,fear,dated,design,crucial,definite,,Jackshafts,,,,,
,,doc,feed,dealt,desire,crystal,delicate,,Jackstaffs,,,,,
,,doe,feel,death,detail,culture,delivery,,Jacqueries,,,,,
,,dog,feet,debut,detect,current,describe,,Japanizing,,,,,
,,don,fell,delay,device,cutting,designer,,Jargonized,,,,,
,,dot,felt,depth,differ,dealing,detailed,,Jargonizes,,,,,
,,dry,file,doing,dinner,decided,diabetes,,Jayhawkers,,,,,
,,dub,fill,doubt,direct,decline,dialogue,,Jaywalkers,,,,,
,,due,film,dozen,doctor,default,diameter,,Jaywalking,,,,,
,,dug,find,draft,dollar,defence,directly,,Jeopardize,,,,,
,,dun,fine,drama,domain,deficit,director,,Jockeyship,,,,,
,,duo,fire,drawn,double,deliver,disabled,,Johnnycake,,,,,
,,dye,firm,dream,driven,density,disaster,,Joypopping,,,,,
,,ear,fish,dress,driver,deposit,disclose,,Jumboizing,,,,,
,,eat,five,drill,during,desktop,discount,,Juvenilize,,,,,
,,ebb,flat,drink,easily,despite,discover,,Juxtaposed,,,,,
,,ecu,flow,drive,eating,destroy,disorder,,Karyolymph,,,,,
,,eft,food,drove,editor,develop,disposal,,Kazatskies,,,,,
,,egg,foot,dying,effect,devoted,distance,,Kibbitzing,,,,,
,,ego,ford,eager,effort,diamond,distinct,,Kibbutznik,,,,,
,,elf,form,early,eighth,digital,district,,Kickboxers,,,,,
,,elm,fort,earth,either,discuss,dividend,,Kickboxing,,,,,
,,emu,four,eight,eleven,disease,division,,Knickknack,,,,,
,,end,free,elite,emerge,display,doctrine,,Knockbacks,,,,,
,,era,from,empty,empire,dispute,document,,Kolkhoznik,,,,,
,,eta,fuel,enemy,employ,distant,domestic,,Lexicalize,,,,,
,,eve,full,enjoy,enable,diverse,dominant,,Liquidized,,,,,
,,eye,fund,enter,ending,divided,dominate,,Liquidizer,,,,,
,,fab,gain,entry,energy,drawing,doubtful,,Liquidizes,,,,,
,,fad,game,equal,engage,driving,dramatic,,Lumberjack,,,,,
,,fan,gate,error,engine,dynamic,dressing,,Lyophilize,,,,,
,,far,gave,event,enough,eastern,dropping,,Maximizing,,,,,
,,fat,gear,every,ensure,economy,duration,,Mechanized,,,,,
,,fax,gene,exact,entire,edition,dynamics,,Mezzalunas,,,,,
,,fay,gift,exist,entity,elderly,earnings,,Mezzanines,,,,,
,,fed,girl,extra,equity,element,economic,,Mezzotints,,,,,
,,fee,give,faith,escape,engaged,educated,,Microquake,,,,,
,,fen,glad,FALSE,estate,enhance,efficacy,,Mizzenmast,,,,,
,,few,goal,fault,ethnic,essence,eighteen,,Morbidezza,,,,,
,,fig,goes,fiber,exceed,evening,election,,Motivation,,,,,
,,fin,gold,field,except,evident,electric,,Mozzarella,,,,,
,,fir,Golf,fifth,excess,exactly,eligible,,Mycorrhiza,,,,,
,,fit,gone,fifty,expand,examine,emerging,,Mythicized,,,,,
,,fix,good,fight,expect,example,emphasis,,Mythicizer,,,,,
,,flu,gray,final,expert,excited,employee,,Mythicizes,,,,,
,,fly,grew,first,export,exclude,endeavor,,Myxoedemic,,,,,
,,foe,grey,fixed,extend,exhibit,engaging,,Myxomycete,,,,,
,,fog,grow,flash,extent,expense,engineer,,Nephropexy,,,,,
,,for,gulf,fleet,fabric,explain,enormous,,Outdazzled,,,,,
,,fox,hair,floor,facing,explore,entirely,,Outdazzles,,,,,
,,fry,half,fluid,factor,express,entrance,,Oxidizable,,,,,
,,fun,hall,focus,failed,extreme,envelope,,Oxycephaly,,,,,
,,fur,hand,force,fairly,factory,equality,,Oxygenized,,,,,
,,gag,hang,forth,fallen,faculty,equation,,Oxygenizer,,,,,
,,gal,hard,forty,family,failing,estimate,,Oxygenizes,,,,,
,,gap,harm,forum,famous,failure,evaluate,,Packetized,,,,,
,,gas,hate,found,father,fashion,eventual,,Packetizes,,,,,
,,gay,have,frame,fellow,feature,everyday,,Paddywhack,,,,,
,,gee,head,frank,female,federal,everyone,,Passamezzo,,,,,
,,gel,hear,fraud,figure,feeling,evidence,,Paycheques,,,,,
,,gem,heat,fresh,filing,fiction,exchange,,Photolyzed,,,,,
,,get,held,front,finger,fifteen,exciting,,Photolyzes,,,,,
,,gig,hell,fruit,finish,filling,exercise,,Phyllotaxy,,,,,
,,gin,help,fully,fiscal,finance,explicit,,Phytophagy,,,,,
,,god,here,funny,flight,finding,exposure,,Phytotoxic,,,,,
,,got,hero,giant,flying,fishing,extended,,Pipsqueaks,,,,,
,,gum,high,given,follow,fitness,external,,Pizzicatos,,,,,
,,gun,hill,glass,forced,foreign,facility,,Podzolized,,,,,
,,gut,hire,globe,forest,forever,familiar,,Podzolizes,,,,,
,,guy,hold,going,forget,formula,featured,,Polygamize,,,,,
,,gym,hole,grace,formal,fortune,feedback,,Polymyxins,,,,,
,,had,holy,grade,format,forward,festival,,Pozzolanas,,,,,
,,ham,home,grand,former,founder,finished,,Pozzolanic,,,,,
,,has,hope,grant,foster,freedom,firewall,,Prequalify,,,,,
,,hat,host,grass,fought,further,flagship,,Puzzledoms,,,,,
,,hay,hour,great,fourth,gallery,flexible,,Puzzlement,,,,,
,,hem,huge,green,French,gateway,floating,,Puzzlingly,,,,,
,,hen,hung,gross,friend,general,football,,Pyrolyzing,,,,,
,,her,hunt,group,future,genetic,foothill,,Quadplexes,,,,,
,,hey,hurt,grown,garden,genuine,forecast,,Quadraplex,,,,,
,,hid,idea,guard,gather,gigabit,foremost,,Quadratrix,,,,,
,,him,inch,guess,gender,greater,formerly,,Quadruplex,,,,,
,,hip,into,guest,german,hanging,fourteen,,Quantizers,,,,,
,,his,iron,guide,global,heading,fraction,,Quantizing,,,,,
,,hit,item,happy,golden,healthy,franklin,,Quartzites,,,,,
,,hog,jack,harry,ground,hearing,frequent,,Quatorzain,,,,,
,,hon,jane,heart,growth,heavily,friendly,,Quickbeams,,,,,
,,hop,jean,heavy,guilty,helpful,frontier,,Quicklimes,,,,,
,,hot,john,hence,handed,helping,function,,Quicksteps,,,,,
,,how,join,henry,handle,herself,generate,,Quillbacks,,,,,
,,hub,jump,horse,happen,highway,generous,,Quinaquina,,,,,
,,hue,jury,hotel,hardly,himself,genomics,,Quincunxes,,,,,
,,hug,just,house,headed,history,goodwill,,Quixotical,,,,,
,,huh,keen,human,health,holding,governor,,Quizmaster,,,,,
,,hum,keep,ideal,height,holiday,graduate,,Razorbacks,,,,,
,,hut,kent,image,hidden,housing,graphics,,Rejuvenize,,,,,
,,ice,kept,index,holder,however,grateful,,Rhizomorph,,,,,
,,icy,kick,inner,honest,hundred,guardian,,Rhizophore,,,,,
,,igg,kill,input,impact,husband,guidance,,Rhythmized,,,,,
,,ill,kind,issue,import,illegal,handling,,Rhythmizes,,,,,
,,imp,king,japan,income,illness,hardware,,Schemozzle,,,,,
,,ink,knee,jimmy,indeed,imagine,heritage,,Schizocarp,,,,,
,,inn,knew,joint,injury,imaging,highland,,Schizogony,,,,,
,,ion,know,jones,inside,improve,historic,,Schizopods,,,,,
,,its,lack,judge,intend,include,homeless,,Schizziest,,,,,
,,ivy,lady,known,intent,initial,homepage,,Schmoozing,,,,,
,,jam,laid,label,invest,inquiry,hospital,,Schnozzles,,,,,
,,jar,lake,large,island,insight,humanity,,Schvitzing,,,,,
,,jaw,land,laser,itself,install,identify,,Scuzzballs,,,,,
,,jay,lane,later,jersey,instant,identity,,Sexualized,,,,,
,,jet,last,laugh,joseph,instead,ideology,,Shemozzled,,,,,
,,jew,late,layer,junior,intense,imperial,,Shemozzles,,,,,
,,job,lead,learn,killed,interim,incident,,Showjumper,,,,,
,,joe,left,lease,labour,involve,included,,Sjambokked,,,,,
,,jog,less,least,latest,jointly,increase,,Skyjackers,,,,,
,,joy,life,leave,latter,journal,indicate,,Skyjacking,,,,,
,,jug,lift,legal,launch,journey,indirect,,Snazziness,,,,,
,,jun,like,level,lawyer,justice,industry,,Squeezable,,,,,
,,kay,line,lewis,leader,justify,informal,,Squeezebox,,,,,
,,ken,link,light,league,keeping,informed,,Squeeziest,,,,,
,,key,list,limit,leaves,killing,inherent,,Squirarchy,,,,,
,,kid,live,links,legacy,kingdom,initiate,,Strawberry,,,,,
,,kin,load,lives,length,kitchen,innocent,,Subjectify,,,,,
,,kit,loan,local,lesson,knowing,inspired,,Supplejack,,,,,
,,lab,lock,logic,letter,landing,instance,,Symbolized,,,,,
,,lac,logo,loose,lights,largely,integral,,Symptomize,,,,,
,,lad,long,lower,likely,lasting,intended,,Synonymize,,,,,
,,lag,look,lucky,linked,leading,interact,,Syphilized,,,,,
,,lam,lord,lunch,liquid,learned,interest,,Syphilizes,,,,,
,,lap,lose,lying,listen,leisure,interior,,Tetrazzini,,,,,
,,law,loss,magic,little,liberal,internal,,Texturized,,,,,
,,lax,lost,major,living,liberty,interval,,Trihydroxy,,,,,
,,lay,love,maker,losing,library,intimate,,Undazzling,,,,,
,,lea,luck,march,lucent,license,intranet,,Unmuzzling,,,,,
,,led,made,maria,luxury,limited,invasion,,Unoxidized,,,,,
,,Lee,mail,match,mainly,listing,involved,,Unpuzzling,,,,,
,,leg,main,maybe,making,logical,isolated,,Vampirized,,,,,
,,les,make,mayor,manage,loyalty,judgment,,Victimized,,,,,
,,let,male,meant,manner,machine,judicial,,Viziership,,,,,
,,lib,many,media,manual,manager,junction,,Vizirships,,,,,
,,lid,Mark,metal,margin,married,keyboard,,Whizzbangs,,,,,
,,lie,mass,might,marine,massive,landlord,,Whizzingly,,,,,
,,lip,matt,minor,marked,maximum,language,,Xanthophyl,,,,,
,,lit,meal,minus,market,meaning,laughter,,Xerophytic,,,,,
,,log,mean,mixed,martin,measure,learning,,Xiphopagic,,,,,
,,lot,meat,model,master,medical,leverage,,Xylophonic,,,,,
,,low,meet,money,matter,meeting,lifetime,,Youthquake,,,,,
,,mac,menu,month,mature,mention,lighting,,Zeaxanthin,,,,,
,,mad,mere,moral,medium,message,likewise,,Zigzaggers,,,,,
,,mag,mike,motor,member,million,limiting,,Zigzaggery,,,,,
,,man,mile,mount,memory,mineral,literary,,Zigzagging,,,,,
,,map,milk,mouse,mental,minimal,location,,Zincifying,,,,,
,,mar,mill,mouth,merely,minimum,magazine,,Zombifying,,,,,
,,mas,mind,movie,merger,missing,magnetic,,Zoomorphic,,,,,
,,mat,mine,music,method,mission,maintain,,Zygobranch,,,,,
,,max,miss,needs,middle,mistake,majority,,Zygodactyl,,,,,
,,may,mode,never,miller,mixture,marginal,,Zygomorphy,,,,,
,,med,mood,newly,mining,monitor,marriage,,Zygomycete,,,,,
,,meg,moon,night,minute,monthly,material,,Zygophytes,,,,,
,,men,more,noise,mirror,morning,maturity,,,,,,,
,,Met,most,north,mobile,musical,maximize,,,,,,,
,,mid,move,noted,modern,mystery,meantime,,,,,,,
,,mil,much,novel,modest,natural,measured,,,,,,,
,,mix,must,nurse,module,neither,medicine,,,,,,,
,,mob,name,occur,moment,nervous,medieval,,,,,,,
,,mod,navy,ocean,morris,network,memorial,,,,,,,
,,mol,near,offer,mostly,neutral,merchant,,,,,,,
,,mom,neck,often,mother,notable,midnight,,,,,,,
,,mon,need,order,motion,nothing,military,,,,,,,
,,mop,news,other,moving,nowhere,minimize,,,,,,,
,,mot,next,ought,murder,nuclear,minister,,,,,,,
,,mud,nice,paint,museum,nursing,ministry,,,,,,,
,,mug,nick,panel,mutual,obvious,minority,,,,,,,
,,mum,nine,paper,myself,offense,mobility,,,,,,,
,,nab,none,party,narrow,officer,modeling,,,,,,,
,,nah,nose,peace,nation,ongoing,moderate,,,,,,,
,,nan,note,peter,native,opening,momentum,,,,,,,
,,nap,okay,phase,nature,operate,monetary,,,,,,,
,,nay,once,phone,nearby,opinion,moreover,,,,,,,
,,neb,only,photo,nearly,optical,mortgage,,,,,,,
,,neg,onto,piece,nights,organic,mountain,,,,,,,
,,net,open,pilot,nobody,outcome,mounting,,,,,,,
,,new,oral,pitch,normal,outdoor,movement,,,,,,,
,,nil,over,place,notice,outlook,multiple,,,,,,,
,,nip,pace,plain,notion,outside,national,,,,,,,
,,nod,pack,plane,number,overall,negative,,,,,,,
,,nor,page,plant,object,pacific,nineteen,,,,,,,
,,nos,paid,plate,obtain,package,northern,,,,,,,
,,not,pain,point,office,painted,notebook,,,,,,,
,,now,pair,pound,offset,parking,numerous,,,,,,,
,,nun,palm,power,online,partial,observer,,,,,,,
,,nut,park,press,option,partner,occasion,,,,,,,
,,oak,part,price,orange,passage,offering,,,,,,,
,,odd,pass,pride,origin,passing,official,,,,,,,
,,off,past,prime,output,passion,offshore,,,,,,,
,,oft,path,print,oxford,passive,operator,,,,,,,
,,oil,peak,prior,packed,patient,opponent,,,,,,,
,,old,pick,prize,palace,pattern,opposite,,,,,,,
,,ole,pink,proof,parent,payable,optimism,,,,,,,
,,one,pipe,proud,partly,payment,optional,,,,,,,
,,ooh,plan,prove,patent,penalty,ordinary,,,,,,,
,,opt,play,queen,people,pending,organize,,,,,,,
,,orb,plot,quick,period,pension,original,,,,,,,
,,ore,plug,quiet,permit,percent,overcome,,,,,,,
,,our,plus,quite,person,perfect,overhead,,,,,,,
,,out,poll,radio,phrase,perform,overseas,,,,,,,
,,owe,pool,raise,picked,perhaps,overview,,,,,,,
,,owl,poor,range,planet,phoenix,painting,,,,,,,
,,own,port,rapid,player,picking,parallel,,,,,,,
,,pac,post,ratio,please,picture,parental,,,,,,,
,,pad,pull,reach,plenty,pioneer,patented,,,,,,,
,,pal,pure,ready,pocket,plastic,patience,,,,,,,
,,pam,push,refer,police,pointed,peaceful,,,,,,,
,,pan,race,right,policy,popular,periodic,,,,,,,
,,pap,rail,rival,prefer,portion,personal,,,,,,,
,,par,rain,river,pretty,poverty,persuade,,,,,,,
,,pas,rank,robin,prince,precise,petition,,,,,,,
,,pat,rare,roger,prison,predict,physical,,,,,,,
,,paw,rate,roman,profit,premier,pipeline,,,,,,,
,,pay,read,rough,proper,premium,platform,,,,,,,
,,pea,real,round,proven,prepare,pleasant,,,,,,,
,,peg,rear,route,public,present,pleasure,,,,,,,
,,pen,rely,royal,pursue,prevent,politics,,,,,,,
,,pep,rent,rural,raised,primary,portable,,,,,,,
,,per,rest,scale,random,printer,portrait,,,,,,,
,,pet,rice,scene,rarely,privacy,position,,,,,,,
,,pew,rich,scope,rather,private,positive,,,,,,,
,,phi,ride,score,rating,problem,possible,,,,,,,
,,pic,ring,sense,reader,proceed,powerful,,,,,,,
,,pie,rise,serve,really,process,practice,,,,,,,
,,pig,risk,seven,reason,produce,precious,,,,,,,
,,pin,road,shall,recall,product,pregnant,,,,,,,
,,pip,rock,shape,recent,profile,presence,,,,,,,
,,pit,role,share,record,program,preserve,,,,,,,
,,ply,roll,sharp,reduce,project,pressing,,,,,,,
,,pod,roof,sheet,reform,promise,pressure,,,,,,,
,,pol,room,shelf,regard,promote,previous,,,,,,,
,,pop,root,shell,regime,protect,princess,,,,,,,
,,pot,rose,shift,region,protein,printing,,,,,,,
,,pro,rule,shirt,relate,protest,priority,,,,,,,
,,psi,rush,shock,relief,provide,probable,,,,,,,
,,pub,ruth,shoot,remain,publish,probably,,,,,,,
,,pup,safe,short,remote,purpose,producer,,,,,,,
,,put,said,shown,remove,pushing,profound,,,,,,,
,,rad,sake,sight,repair,qualify,progress,,,,,,,
,,rag,sale,since,repeat,quality,property,,,,,,,
,,raj,salt,sixth,replay,quarter,proposal,,,,,,,
,,ram,same,sixty,report,radical,prospect,,,,,,,
,,ran,sand,sized,rescue,railway,protocol,,,,,,,
,,rap,save,skill,resort,readily,provided,,,,,,,
,,rat,seat,sleep,result,Reading,provider,,,,,,,
,,raw,seed,slide,retail,reality,province,,,,,,,
,,ray,seek,small,retain,realize,publicly,,,,,,,
,,red,seem,smart,return,receipt,purchase,,,,,,,
,,ref,seen,smile,reveal,receive,pursuant,,,,,,,
,,reg,self,smith,review,recover,quantity,,,,,,,
,,rem,sell,smoke,reward,reflect,question,,,,,,,
,,rep,send,solid,riding,regular,rational,,,,,,,
,,rev,sent,solve,rising,related,reaction,,,,,,,
,,rib,sept,sorry,robust,release,received,,,,,,,
,,rid,ship,sound,ruling,remains,receiver,,,,,,,
,,rig,shop,south,safety,removal,recovery,,,,,,,
,,rim,shot,space,salary,removed,regional,,,,,,,
,,rip,show,spare,sample,replace,register,,,,,,,
,,rob,shut,speak,saving,request,relation,,,,,,,
,,rod,sick,speed,saying,require,relative,,,,,,,
,,roe,side,spend,scheme,reserve,relevant,,,,,,,
,,rot,sign,spent,school,resolve,reliable,,,,,,,
,,row,site,split,screen,respect,reliance,,,,,,,
,,rub,size,spoke,search,respond,religion,,,,,,,
,,rue,skin,sport,season,restore,remember,,,,,,,
,,rug,slip,staff,second,retired,renowned,,,,,,,
,,rum,slow,stage,secret,revenue,repeated,,,,,,,
,,run,snow,stake,sector,reverse,reporter,,,,,,,
,,rye,soft,stand,secure,rollout,republic,,,,,,,
,,sab,soil,start,seeing,routine,required,,,,,,,
,,sac,sold,state,select,running,research,,,,,,,
,,sad,sole,steam,seller,satisfy,reserved,,,,,,,
,,sae,some,steel,senior,science,resident,,,,,,,
,,sag,song,stick,series,section,resigned,,,,,,,
,,sal,soon,still,server,segment,resource,,,,,,,
,,sap,sort,stock,settle,serious,response,,,,,,,
,,sat,soul,stone,severe,service,restrict,,,,,,,
,,saw,spot,stood,sexual,serving,revision,,,,,,,
,,say,star,store,should,session,rigorous,,,,,,,
,,sea,stay,storm,signal,setting,romantic,,,,,,,
,,sec,step,story,signed,seventh,sampling,,,,,,,
,,see,stop,strip,silent,several,scenario,,,,,,,
,,sen,such,stuck,silver,shortly,schedule,,,,,,,
,,set,suit,study,simple,showing,scrutiny,,,,,,,
,,sew,sure,stuff,simply,silence,seasonal,,,,,,,
,,sex,take,style,single,silicon,secondly,,,,,,,
,,she,tale,sugar,sister,similar,security,,,,,,,
,,shy,talk,suite,slight,sitting,sensible,,,,,,,
,,sic,tall,super,smooth,sixteen,sentence,,,,,,,
,,sim,tank,sweet,social,skilled,separate,,,,,,,
,,sin,tape,table,solely,smoking,sequence,,,,,,,
,,sip,task,taken,sought,society,sergeant,,,,,,,
,,sir,team,taste,source,somehow,shipping,,,,,,,
,,sis,tech,taxes,soviet,someone,shortage,,,,,,,
,,sit,tell,teach,speech,speaker,shoulder,,,,,,,
,,six,tend,teeth,spirit,special,simplify,,,,,,,
,,ski,term,terry,spoken,species,situated,,,,,,,
,,sky,test,texas,spread,sponsor,slightly,,,,,,,
,,sly,text,thank,spring,station,software,,,,,,,
,,sod,than,theft,square,storage,solution,,,,,,,
,,sol,that,their,stable,strange,somebody,,,,,,,
,,son,them,theme,status,stretch,somewhat,,,,,,,
,,sow,then,there,steady,student,southern,,,,,,,
,,soy,they,these,stolen,studied,speaking,,,,,,,
,,spa,thin,thick,strain,subject,specific,,,,,,,
,,spy,this,thing,stream,succeed,spectrum,,,,,,,
,,sub,thus,think,street,success,sporting,,,,,,,
,,sue,till,third,stress,suggest,standard,,,,,,,
,,sum,time,those,strict,summary,standing,,,,,,,
,,sun,tiny,three,strike,support,standout,,,,,,,
,,sup,told,threw,string,suppose,sterling,,,,,,,
,,tab,toll,throw,strong,supreme,straight,,,,,,,
,,tad,tone,tight,struck,surface,strategy,,,,,,,
,,tag,tony,times,studio,surgery,strength,,,,,,,
,,tam,took,tired,submit,surplus,striking,,,,,,,
,,tan,tool,title,sudden,survive,struggle,,,,,,,
,,tap,tour,today,suffer,suspect,stunning,,,,,,,
,,tar,town,topic,summer,sustain,suburban,,,,,,,
,,tat,tree,total,summit,teacher,suitable,,,,,,,
,,tax,trip,touch,supply,telecom,superior,,,,,,,
,,tea,TRUE,tough,surely,telling,supposed,,,,,,,
,,ted,tune,tower,survey,tension,surgical,,,,,,,
,,tee,turn,track,switch,theatre,surprise,,,,,,,
,,ten,twin,trade,symbol,therapy,survival,,,,,,,
,,the,type,train,system,thereby,sweeping,,,,,,,
,,thy,unit,treat,taking,thought,swimming,,,,,,,
,,tie,upon,trend,talent,through,symbolic,,,,,,,
,,tin,used,trial,target,tonight,sympathy,,,,,,,
,,tip,user,tried,taught,totally,syndrome,,,,,,,
,,tod,vary,tries,tenant,touched,tactical,,,,,,,
,,toe,vast,truck,tender,towards,tailored,,,,,,,
,,tom,very,truly,tennis,traffic,takeover,,,,,,,
,,ton,vice,trust,thanks,trouble,tangible,,,,,,,
,,too,view,truth,theory,turning,taxation,,,,,,,
,,top,vote,twice,thirty,typical,taxpayer,,,,,,,
,,tor,wage,under,though,uniform,teaching,,,,,,,
,,tot,wait,undue,threat,unknown,tendency,,,,,,,
,,tow,wake,union,thrown,unusual,terminal,,,,,,,
,,toy,walk,unity,ticket,upgrade,terrible,,,,,,,
,,try,wall,until,timely,upscale,thinking,,,,,,,
,,tub,want,upper,timing,utility,thirteen,,,,,,,
,,tug,ward,upset,tissue,variety,thorough,,,,,,,
,,two,warm,urban,toward,various,thousand,,,,,,,
,,use,wash,usage,travel,vehicle,together,,,,,,,
,,van,wave,usual,treaty,venture,tomorrow,,,,,,,
,,vat,ways,valid,trying,version,touching,,,,,,,
,,vet,weak,value,twelve,veteran,tracking,,,,,,,
,,via,wear,video,twenty,victory,training,,,,,,,
,,vie,week,virus,unable,viewing,transfer,,,,,,,
,,vow,well,visit,unique,village,traveled,,,,,,,
,,wan,went,vital,united,violent,treasury,,,,,,,
,,war,were,voice,unless,virtual,triangle,,,,,,,
,,was,west,waste,unlike,visible,tropical,,,,,,,
,,wax,what,watch,update,waiting,turnover,,,,,,,
,,way,when,water,useful,walking,ultimate,,,,,,,
,,web,whom,wheel,valley,wanting,umbrella,,,,,,,
,,wed,wide,where,varied,warning,universe,,,,,,,
,,wee,wife,which,vendor,warrant,unlawful,,,,,,,
,,wet,wild,while,versus,wearing,unlikely,,,,,,,
,,who,will,white,victim,weather,valuable,,,,,,,
,,why,wind,whole,vision,webcast,variable,,,,,,,
,,wig,wine,whose,visual,website,vertical,,,,,,,
,,win,wing,woman,volume,wedding,victoria,,,,,,,
,,wis,wire,women,walker,weekend,violence,,,,,,,
,,wit,wise,world,wealth,welcome,volatile,,,,,,,
,,won,wish,worry,weekly,welfare,warranty,,,,,,,
,,woo,with,worse,weight,western,weakness,,,,,,,
,,wow,wood,worst,wholly,whereas,weighted,,,,,,,
,,wry,word,worth,window,whereby,whatever,,,,,,,
,,wye,wore,would,winner,whether,whenever,,,,,,,
,,yen,work,wound,winter,willing,wherever,,,,,,,
,,yep,yard,write,within,winning,wildlife,,,,,,,
,,yes,yeah,wrong,wonder,without,wireless,,,,,,,
,,yet,year,wrote,worker,witness,withdraw,,,,,,,
,,you,your,yield,wright,working,woodland,,,,,,,
,,zip,zero,young,writer,writing,workshop,,,,,,,
,,zoo,zone,youth,yellow,written,yourself,,,,,,,
,,,,,,,,,,,,,,
,,,,,,,,,,,,,,
,,,,,,,,,,,,,,
,,,,,,,,,,,,,,
,,,,,,,,,,,,,,
,,,,,,,,,,,,,,
,,,,,,,,,,,,,,
,,,,,,,,,,,,,,
,,,,,,,,,,,,,,
,,,,,,,,,,,,,,
,,,,,,,,,,,,,,
,,,,,,,,,,,,,,
,,,,,,,,,,,,,,
,,,,,,,,,,,,,,
,,,,,,,,,,,,,,
,,,,,,,,,,,,,,
,,,,,,,,,,,,,,
,,,,,,,,,,,,,,
,,,,,,,,,,,,,,
,,,,,,,,,,,,,,
,,,,,,,,,,,,,,
,,,,,,,,,,,,,,
,,,,,,,,,,,,,,
,,,,,,,,,,,,,,
,,,,,,,,,,,,,,
,,,,,,,,,,,,,,
,,,,,,,,,,,,,,
,,,,,,,,,,,,,,
,,,,,,,,,,,,,,
,,,,,,,,,,,,,,
,,,,,,,,,,,,,,
,,,,,,,,,,,,,,
,,,,,,,,,,,,,,
,,,,,,,,,,,,,,
,,,,,,,,,,,,,,
,,,,,,,,,,,,,,
,,,,,,,,,,,,,,
,,,,,,,,,,,,,,
,,,,,,,,,,,,,,
,,,,,,,,,,,,,,
,,,,,,,,,,,,,,
,,,,,,,,,,,,,,
,,,,,,,,,,,,,,
,,,,,,,,,,,,,,
,,,,,,,,,,,,,,
,,,,,,,,,,,,,,
,,,,,,,,,,,,,,
,,,,,,,,,,,,,,
,,,,,,,,,,,,,,
,,,,,,,,,,,,,,
,,,,,,,,,,,,,,
,,,,,,,,,,,,,,
,,,,,,,,,,,,,,
,,,,,,,,,,,,,,
,,,,,,,,,,,,,,
,,,,,,,,,,,,,,
,,,,,,,,,,,,,,
,,,,,,,,,,,,,,
,,,,,,,,,,,,,,
,,,,,,,,,,,,,,
,,,,,,,,,,,,,,
,,,,,,,,,,,,,,
,,,,,,,,,,,,,,
,,,,,,,,,,,,,,
,,,,,,,,,,,,,,
,,,,,,,,,,,,,,
,,,,,,,,,,,,,,
,,,,,,,,,,,,,,
,,,,,,,,,,,,,,
,,,,,,,,,,,,,,
,,,,,,,,,,,,,,
,,,,,,,,,,,,,,
,,,,,,,,,,,,,,
,,,,,,,,,,,,,,
,,,,,,,,,,,,,,
,,,,,,,,,,,,,,
,,,,,,,,,,,,,,
,,,,,,,,,,,,,,
,,,,,,,,,,,,,,
,,,,,,,,,,,,,,
,,,,,,,,,,,,,,
,,,,,,,,,,,,,,
,,,,,,,,,,,,,,
,,,,,,,,,,,,,,
,,,,,,,,,,,,,,
,,,,,,,,,,,,,,
,,,,,,,,,,,,,,
,,,,,,,,,,,,,,
,,,,,,,,,,,,,,
,,,,,,,,,,,,,,
